id,title,organization,categories,category_count,taxonomy,overall_confidence,has_exposure
00a27905-efd2-4ce5-b5d2-6c862ad7d852,"AI building footprint in Izabal, Guatemala",Netherlands Red Cross - 510,buildings|infrastructure,2,,0.8,True
00cb19c9-9f3b-4e0d-a5bf-e32fbafc5cbf,"Cabo Verde - Economic, Social, Environmental, Health, Education, Development and Energy",World Bank Group,infrastructure|agriculture|economic_indicator,3,,0.8333333333333334,True
00ff4ab1-5637-452c-b7b4-6e5eb8a3c264,"Gabon - Economic, Social, Environmental, Health, Education, Development and Energy",World Bank Group,infrastructure|agriculture|economic_indicator,3,,0.8333333333333334,True
0180877e-655a-4c81-b780-232ba02af477,"Tunisia - Economic, Social, Environmental, Health, Education, Development and Energy",World Bank Group,infrastructure|agriculture|economic_indicator,3,,0.8333333333333334,True
020507ff-9a63-41d2-b022-1832fb630a01,"Northern Mariana Islands - Economic, Social, Environmental, Health, Education, Development and Energy",World Bank Group,infrastructure|agriculture|economic_indicator,3,,0.8333333333333334,True
03111563-9063-4d6a-92df-4b57f7d83dc0,"Puerto Rico - Economic, Social, Environmental, Health, Education, Development and Energy",World Bank Group,infrastructure|agriculture|economic_indicator,3,,0.8333333333333334,True
03628271-1aa9-4d80-9fee-bbdac06d12b4,"Sweden - Economic, Social, Environmental, Health, Education, Development and Energy",World Bank Group,infrastructure|agriculture|economic_indicator,3,,0.8333333333333334,True
052ec1a3-9808-44d0-a828-82f4286becac,"Pakistan - Economic, Social, Environmental, Health, Education, Development and Energy",World Bank Group,infrastructure|agriculture|economic_indicator,3,,0.8333333333333334,True
056f35da-ef13-49c7-8bf7-31e77750ddcf,"Eritrea - Economic, Social, Environmental, Health, Education, Development and Energy",World Bank Group,infrastructure|agriculture|economic_indicator,3,,0.8333333333333334,True
06be878b-f730-4f34-814f-52ebcc23a19c,"Bolivia - Economic, Social, Environmental, Health, Education, Development and Energy",World Bank Group,infrastructure|agriculture|economic_indicator,3,,0.8333333333333334,True
07e2a005-851b-470e-8d3b-24deeb928859,"Turks and Caicos Islands - Economic, Social, Environmental, Health, Education, Development and Energy",World Bank Group,infrastructure|agriculture|economic_indicator,3,,0.8333333333333334,True
08be782f-8c14-4ab1-8136-73e3ad2d2f4f,"Moldova - Economic, Social, Environmental, Health, Education, Development and Energy",World Bank Group,infrastructure|agriculture|economic_indicator,3,,0.8333333333333334,True
09327953-5e0f-4c45-948a-f1a51d530b89,"Kenya - Economic, Social, Environmental, Health, Education, Development and Energy",World Bank Group,infrastructure|agriculture|economic_indicator,3,,0.8333333333333334,True
09c128cc-26c3-464e-a413-caceb2c9f14c,"San Marino - Economic, Social, Environmental, Health, Education, Development and Energy",World Bank Group,infrastructure|agriculture|economic_indicator,3,,0.8333333333333334,True
09dc05f2-8f29-4522-8091-537016c0c346,"Argentina - Economic, Social, Environmental, Health, Education, Development and Energy",World Bank Group,infrastructure|agriculture|economic_indicator,3,,0.8333333333333334,True
0a2959c8-afec-4ddc-8093-96b13dcf3254,"Burundi - Economic, Social, Environmental, Health, Education, Development and Energy",World Bank Group,infrastructure|agriculture|economic_indicator,3,,0.8333333333333334,True
0a7a4207-e509-44c4-93dd-1549565f85df,"Somalia - Economic, Social, Environmental, Health, Education, Development and Energy",World Bank Group,infrastructure|agriculture|economic_indicator,3,,0.8333333333333334,True
0aae4501-e66a-43d8-8b4a-9a8ba5ebc53c,"St. Vincent and the Grenadines - Economic, Social, Environmental, Health, Education, Development and Energy",World Bank Group,infrastructure|agriculture|economic_indicator,3,,0.8333333333333334,True
0aeeb733-c44d-4510-9f06-89793d1e083f,"Guinea-Bissau - Economic, Social, Environmental, Health, Education, Development and Energy",World Bank Group,infrastructure|agriculture|economic_indicator,3,,0.8333333333333334,True
0c1ac663-267a-4c66-aca8-b55654fb134d,"Jordan - Economic, Social, Environmental, Health, Education, Development and Energy",World Bank Group,infrastructure|agriculture|economic_indicator,3,,0.8333333333333334,True
0d1367fd-e413-43d1-8a5a-e20c2900a713,"Lesotho - Economic, Social, Environmental, Health, Education, Development and Energy",World Bank Group,infrastructure|agriculture|economic_indicator,3,,0.8333333333333334,True
0e7581d2-fae3-4a16-89c0-44c89893b89b,"Tonga - Economic, Social, Environmental, Health, Education, Development and Energy",World Bank Group,infrastructure|agriculture|economic_indicator,3,,0.8333333333333334,True
0f8a7e2d-c996-491b-9fe6-b607656c7570,"Chad - Economic, Social, Environmental, Health, Education, Development and Energy",World Bank Group,infrastructure|agriculture|economic_indicator,3,,0.8333333333333334,True
107708b3-6524-4544-820d-91e7a74836ef,Kenya - Value of Recorded Marketed Agricultural Production at Current Prices,Kenya National Bureau of Statistics (inactive),agriculture,1,,0.9,True
138d9c08-6f1e-4bd5-9c8a-8e98e4f0f148,"Dominican Republic - Economic, Social, Environmental, Health, Education, Development and Energy",World Bank Group,infrastructure|agriculture|economic_indicator,3,,0.8333333333333334,True
1423ddb7-0751-4187-85b0-1d09da56046c,"Belgium - Economic, Social, Environmental, Health, Education, Development and Energy",World Bank Group,infrastructure|agriculture|economic_indicator,3,,0.8333333333333334,True
14245852-3dec-4842-a320-9efd3f2bfe66,"Latvia - Economic, Social, Environmental, Health, Education, Development and Energy",World Bank Group,infrastructure|agriculture|economic_indicator,3,,0.8333333333333334,True
14487604-3f41-4e43-8d65-3d3a3c0c3d07,"Estonia - Economic, Social, Environmental, Health, Education, Development and Energy",World Bank Group,infrastructure|agriculture|economic_indicator,3,,0.8333333333333334,True
14bc7f2f-c701-49cd-9570-ac2f8d89d757,"Russian Federation - Economic, Social, Environmental, Health, Education, Development and Energy",World Bank Group,infrastructure|agriculture|economic_indicator,3,,0.8333333333333334,True
1508eb5b-a60f-412a-b8a1-1fad9bd3279c,"Romania - Economic, Social, Environmental, Health, Education, Development and Energy",World Bank Group,infrastructure|agriculture|economic_indicator,3,,0.8333333333333334,True
17701618-c619-42a5-8fdb-931174fb0a9e,"Micronesia, Fed. Sts. - Economic, Social, Environmental, Health, Education, Development and Energy",World Bank Group,infrastructure|agriculture|economic_indicator,3,,0.8333333333333334,True
1a2a0093-3755-41c6-809c-eb86f9766e5f,"Barbados - Economic, Social, Environmental, Health, Education, Development and Energy",World Bank Group,infrastructure|agriculture|economic_indicator,3,,0.8333333333333334,True
1aa7f582-2456-475e-8b7b-75314c0521f3,UNOSAT Gaza Strip Road Network Comprehensive Damage Assessment - July 2025,United Nations Satellite Centre (UNOSAT),infrastructure,1,,0.875,True
1ad1270c-f794-450c-8c05-3d56b271fb6c,"Egypt, Arab Rep. - Economic, Social, Environmental, Health, Education, Development and Energy",World Bank Group,infrastructure|agriculture|economic_indicator,3,,0.8333333333333334,True
1c560cc4-b93a-47bf-a5e6-ffa23ebeafb8,UNOSAT Gaza Strip Road Network Comprehensive Damage Assessment,United Nations Satellite Centre (UNOSAT),infrastructure,1,,0.875,True
1cdf3b72-4d2c-48d7-989b-4ffaae2c25b7,"Cameroon - Economic, Social, Environmental, Health, Education, Development and Energy",World Bank Group,infrastructure|agriculture|economic_indicator,3,,0.8333333333333334,True
1d01a882-0fc0-42b5-9ae3-2a5dd830116f,Japan: Building Footprints in the Noto Earthquake Area,Google Research,buildings,1,,0.875,True
1dae6f29-c7be-434b-be14-b00b460ec238,"New Zealand - Economic, Social, Environmental, Health, Education, Development and Energy",World Bank Group,infrastructure|agriculture|economic_indicator,3,,0.8333333333333334,True
1f7c6088-20cb-48a1-9b1c-defb323feac2,"Venezuela, RB - Economic, Social, Environmental, Health, Education, Development and Energy",World Bank Group,infrastructure|agriculture|economic_indicator,3,,0.8333333333333334,True
2136432f-4932-47ad-a87a-5d3996647c4b,"AfDB Socio Economic Database, 1960-2019",African Development Bank Group,infrastructure|agriculture|economic_indicator,3,,0.8083333333333332,True
216b3685-72c5-46f1-ac42-ced4b7bd7727,"Canada - Economic, Social, Environmental, Health, Education, Development and Energy",World Bank Group,infrastructure|agriculture|economic_indicator,3,,0.8333333333333334,True
218082ec-3980-4235-8d92-c7223d89078c,"Zambia - Economic, Social, Environmental, Health, Education, Development and Energy",World Bank Group,infrastructure|agriculture|economic_indicator,3,,0.8333333333333334,True
22e4dabc-616d-44f4-8a6e-85aadf073f32,"Ecuador - Economic, Social, Environmental, Health, Education, Development and Energy",World Bank Group,infrastructure|agriculture|economic_indicator,3,,0.8333333333333334,True
23f5d9fc-56ec-460e-bb73-a8c0f783ca27,"Antigua and Barbuda - Economic, Social, Environmental, Health, Education, Development and Energy",World Bank Group,infrastructure|agriculture|economic_indicator,3,,0.8333333333333334,True
24982a95-ee9d-4d49-8a48-0c9f67d54cad,"Equatorial Guinea - Economic, Social, Environmental, Health, Education, Development and Energy",World Bank Group,infrastructure|agriculture|economic_indicator,3,,0.8333333333333334,True
25a7b66e-ef0a-491f-b91d-4890b2eb6cb0,"Turkey - Economic, Social, Environmental, Health, Education, Development and Energy",World Bank Group,infrastructure|agriculture|economic_indicator,3,,0.8333333333333334,True
268623e6-c91b-4464-ac06-f49fb841f410,"Luxembourg - Economic, Social, Environmental, Health, Education, Development and Energy",World Bank Group,infrastructure|agriculture|economic_indicator,3,,0.8333333333333334,True
2693f7b3-e4dc-4f5f-a276-4b85afa54457,"Thailand - Economic, Social, Environmental, Health, Education, Development and Energy",World Bank Group,infrastructure|agriculture|economic_indicator,3,,0.8333333333333334,True
26cd17d4-aa56-4554-848e-e7b840d1a410,"Australia - Economic, Social, Environmental, Health, Education, Development and Energy",World Bank Group,infrastructure|agriculture|economic_indicator,3,,0.8333333333333334,True
2909a6ea-ca60-4595-86cd-d5132f2cc874,"Senegal - Economic, Social, Environmental, Health, Education, Development and Energy",World Bank Group,infrastructure|agriculture|economic_indicator,3,,0.8333333333333334,True
297b9f8a-ca19-4ae1-aa25-fe8c88d0d210,Bangladesh: Cox's Bazar Existing and planned access road network  of  all Rohingya refugee camps,Inter Sector Coordination Group,infrastructure|population,2,,0.825,True
2a2d411e-86c7-4467-aa09-6f6374810861,"Montenegro - Economic, Social, Environmental, Health, Education, Development and Energy",World Bank Group,infrastructure|agriculture|economic_indicator,3,,0.8333333333333334,True
2b7634e6-f022-47b0-a2dd-6f9fcf1fef64,"Brazil - Economic, Social, Environmental, Health, Education, Development and Energy",World Bank Group,infrastructure|agriculture|economic_indicator,3,,0.8333333333333334,True
2c0637be-ea11-45b1-baa8-99e676e37134,"Vanuatu - Economic, Social, Environmental, Health, Education, Development and Energy",World Bank Group,infrastructure|agriculture|economic_indicator,3,,0.8333333333333334,True
2c4b4d81-f724-4cca-a469-9deb23a1f96c,"Timor-Leste - Economic, Social, Environmental, Health, Education, Development and Energy",World Bank Group,infrastructure|agriculture|economic_indicator,3,,0.8333333333333334,True
2c522bce-1655-4907-9783-6853cf554de1,"Guam - Economic, Social, Environmental, Health, Education, Development and Energy",World Bank Group,infrastructure|agriculture|economic_indicator,3,,0.8333333333333334,True
2d2ae178-f900-4415-8ef2-ea373cf1b6d4,"Marshall Islands - Economic, Social, Environmental, Health, Education, Development and Energy",World Bank Group,infrastructure|agriculture|economic_indicator,3,,0.8333333333333334,True
2d7e4a59-49ad-4516-9c62-db5702eb2b65,"Lebanon - Economic, Social, Environmental, Health, Education, Development and Energy",World Bank Group,infrastructure|agriculture|economic_indicator,3,,0.8333333333333334,True
30b84908-3f45-47d6-9570-9818677e3df4,"Slovak Republic - Economic, Social, Environmental, Health, Education, Development and Energy",World Bank Group,infrastructure|agriculture|economic_indicator,3,,0.8333333333333334,True
31b9ee70-8283-492b-8a0d-72c6a8a7b537,"Grenada - Economic, Social, Environmental, Health, Education, Development and Energy",World Bank Group,infrastructure|agriculture|economic_indicator,3,,0.8333333333333334,True
332c4dfb-ddb0-4608-a969-83a2da6cb10c,"Uzbekistan - Economic, Social, Environmental, Health, Education, Development and Energy",World Bank Group,infrastructure|agriculture|economic_indicator,3,,0.8333333333333334,True
3345fb30-5961-4d28-824c-e2d094f795c7,"Trinidad and Tobago - Economic, Social, Environmental, Health, Education, Development and Energy",World Bank Group,infrastructure|agriculture|economic_indicator,3,,0.8333333333333334,True
3350cde5-e295-4b23-89e7-ef795ed2145f,Nepal - Road distance of district headquarters from Kathmandu [via Prithvi Highway],OpenNepal (inactive),infrastructure,1,,0.9,True
3427e3a1-daa6-4494-ae69-ed6a09631792,"Madagascar - Economic, Social, Environmental, Health, Education, Development and Energy",World Bank Group,infrastructure|agriculture|economic_indicator,3,,0.8333333333333334,True
34b49b94-506c-4d5c-ba19-aa22737032a6,"Syrian Arab Republic - Economic, Social, Environmental, Health, Education, Development and Energy",World Bank Group,infrastructure|agriculture|economic_indicator,3,,0.8333333333333334,True
36432a61-828e-431c-94e2-535943a6659a,"Costa Rica - Economic, Social, Environmental, Health, Education, Development and Energy",World Bank Group,infrastructure|agriculture|economic_indicator,3,,0.8333333333333334,True
3686c564-486b-4c4f-830d-ef55b1da399d,"Tajikistan - Economic, Social, Environmental, Health, Education, Development and Energy",World Bank Group,infrastructure|agriculture|economic_indicator,3,,0.8333333333333334,True
372262a4-c09f-4bc4-9d6b-cacd641ffe94,"Saudi Arabia - Economic, Social, Environmental, Health, Education, Development and Energy",World Bank Group,infrastructure|agriculture|economic_indicator,3,,0.8333333333333334,True
3872d3b8-efb8-4f5e-9091-4b638852d81b,"United Kingdom - Economic, Social, Environmental, Health, Education, Development and Energy",World Bank Group,infrastructure|agriculture|economic_indicator,3,,0.8333333333333334,True
38f8e4f9-e091-4861-bfdb-4b7cf09f50e3,"El Salvador - Economic, Social, Environmental, Health, Education, Development and Energy",World Bank Group,infrastructure|agriculture|economic_indicator,3,,0.8333333333333334,True
3b39f85b-12cf-49cd-aa00-ee3ac04ce61f,Haiti - Road Network,OCHA Haiti,infrastructure,1,,0.875,True
3b445fe2-4496-4b37-9b33-1fa40bdaeda0,"Sint Maarten (Dutch part) - Economic, Social, Environmental, Health, Education, Development and Energy",World Bank Group,infrastructure|agriculture|economic_indicator,3,,0.8333333333333334,True
3c437b56-a042-492b-af00-202aa41780c3,"Samoa - Economic, Social, Environmental, Health, Education, Development and Energy",World Bank Group,infrastructure|agriculture|economic_indicator,3,,0.8333333333333334,True
3c72c73c-a0ae-49ac-a6de-a6cffd7ccd15,"Bangladesh - Economic, Social, Environmental, Health, Education, Development and Energy",World Bank Group,infrastructure|agriculture|economic_indicator,3,,0.8333333333333334,True
3d0b6b9d-72f0-49e4-9287-b305e380ebc8,"New Caledonia - Economic, Social, Environmental, Health, Education, Development and Energy",World Bank Group,infrastructure|agriculture|economic_indicator,3,,0.8333333333333334,True
3d14da8d-3d71-479e-8710-58817a37ecba,"West Bank and Gaza - Economic, Social, Environmental, Health, Education, Development and Energy",World Bank Group,infrastructure|agriculture|economic_indicator,3,,0.8333333333333334,True
3ec2c366-fe43-42fc-b4de-e42bd1f140b5,"Mexico - Economic, Social, Environmental, Health, Education, Development and Energy",World Bank Group,infrastructure|agriculture|economic_indicator,3,,0.8333333333333334,True
3edf2c0c-0e8a-4a88-a598-8cdb557a8014,"Belize - Economic, Social, Environmental, Health, Education, Development and Energy",World Bank Group,infrastructure|agriculture|economic_indicator,3,,0.8333333333333334,True
3fad842c-4a15-4000-99fd-7a3e669f2dd8,UNOSAT Gaza Strip Road Network Comprehensive Damage Assessment - August 2024,United Nations Satellite Centre (UNOSAT),infrastructure,1,,0.875,True
40185232-8749-4d60-876a-e6a7c7dd4b8a,Hurricane Irma - Windspeed and Gusts,British Red Cross Maps Team,buildings,1,,0.8075000000000001,True
4190fbb2-0d77-4254-9ce7-83be99f07dee,"Serbia - Economic, Social, Environmental, Health, Education, Development and Energy",World Bank Group,infrastructure|agriculture|economic_indicator,3,,0.8333333333333334,True
41d180e3-5c40-410a-9cb1-a1656df27ea6,"Paraguay - Economic, Social, Environmental, Health, Education, Development and Energy",World Bank Group,infrastructure|agriculture|economic_indicator,3,,0.8333333333333334,True
42e02dee-4061-4ea6-9dc4-5d00439425b1,Syria Infrastructure Maps (Power line / water way dam /highway),OCHA Syria,infrastructure,1,,0.9,True
43153f88-32ab-47af-8e12-28b62af945db,"Guatemala - Economic, Social, Environmental, Health, Education, Development and Energy",World Bank Group,infrastructure|agriculture|economic_indicator,3,,0.8333333333333334,True
43da416c-8d3c-4bd3-9758-8e23224fd958,"Seychelles - Economic, Social, Environmental, Health, Education, Development and Energy",World Bank Group,infrastructure|agriculture|economic_indicator,3,,0.8333333333333334,True
4948a902-162e-4986-9859-7b1509a02ef3,"Mauritania - Economic, Social, Environmental, Health, Education, Development and Energy",World Bank Group,infrastructure|agriculture|economic_indicator,3,,0.8333333333333334,True
4ac1cb4d-16ba-42b8-b288-45b2b516b5c7,"Tuvalu - Economic, Social, Environmental, Health, Education, Development and Energy",World Bank Group,infrastructure|agriculture|economic_indicator,3,,0.8333333333333334,True
4aecae71-df7f-4dd0-880e-ae3a59ca440b,"Uruguay - Economic, Social, Environmental, Health, Education, Development and Energy",World Bank Group,infrastructure|agriculture|economic_indicator,3,,0.8333333333333334,True
4cdd130a-baac-4c82-abc1-f94d74e4eba5,"Malawi - Economic, Social, Environmental, Health, Education, Development and Energy",World Bank Group,infrastructure|agriculture|economic_indicator,3,,0.8333333333333334,True
4e50ab96-f8b0-4c7b-96cf-2ef12c505c16,"Virgin Islands (U.S.) - Economic, Social, Environmental, Health, Education, Development and Energy",World Bank Group,infrastructure|agriculture|economic_indicator,3,,0.8333333333333334,True
4e8a61d1-e867-4140-824b-0af3b5960d89,Syria Infrastructure Maps (Power line / water way dam /highway) shapefiles,OCHA Syria,infrastructure,1,,0.9,True
4eee552e-747d-487f-be67-9612b5b99fa1,"American Samoa - Economic, Social, Environmental, Health, Education, Development and Energy",World Bank Group,infrastructure|agriculture|economic_indicator,3,,0.8333333333333334,True
5038f317-33f0-4e71-9f2f-f1aa0c2da3d8,"Djibouti - Economic, Social, Environmental, Health, Education, Development and Energy",World Bank Group,infrastructure|agriculture|economic_indicator,3,,0.8333333333333334,True
5070a413-658f-48a1-af3f-0c20289737f7,"Iraq - Economic, Social, Environmental, Health, Education, Development and Energy",World Bank Group,infrastructure|agriculture|economic_indicator,3,,0.8333333333333334,True
530d8e4a-7f92-4017-918d-a771e5bb3d57,"Solomon Islands - Economic, Social, Environmental, Health, Education, Development and Energy",World Bank Group,infrastructure|agriculture|economic_indicator,3,,0.8333333333333334,True
53cda684-9f7c-4d20-80ce-e1a2a42c273f,"Nauru - Economic, Social, Environmental, Health, Education, Development and Energy",World Bank Group,infrastructure|agriculture|economic_indicator,3,,0.8333333333333334,True
53e4a3e5-f54d-4797-a2a4-59095891d4c7,"Italy - Economic, Social, Environmental, Health, Education, Development and Energy",World Bank Group,infrastructure|agriculture|economic_indicator,3,,0.8333333333333334,True
54312ae3-d266-4be6-84bb-4608a94eab80,"Cyprus - Economic, Social, Environmental, Health, Education, Development and Energy",World Bank Group,infrastructure|agriculture|economic_indicator,3,,0.8333333333333334,True
570dd5d1-f13d-4fc9-9af6-f98a514a1791,"Israel - Economic, Social, Environmental, Health, Education, Development and Energy",World Bank Group,infrastructure|agriculture|economic_indicator,3,,0.8333333333333334,True
579c7dac-b607-4f3b-8cd4-c97b7c219843,"United States - Economic, Social, Environmental, Health, Education, Development and Energy",World Bank Group,infrastructure|agriculture|economic_indicator,3,,0.8333333333333334,True
58fc429a-1bd9-4c58-9716-9b4846b59177,"Finland - Economic, Social, Environmental, Health, Education, Development and Energy",World Bank Group,infrastructure|agriculture|economic_indicator,3,,0.8333333333333334,True
5904bf7b-a482-449a-a87c-32395699d31c,"Algeria - Economic, Social, Environmental, Health, Education, Development and Energy",World Bank Group,infrastructure|agriculture|economic_indicator,3,,0.8333333333333334,True
5958c5c0-2f9e-4d75-945b-18d72473baf9,"Malta - Economic, Social, Environmental, Health, Education, Development and Energy",World Bank Group,infrastructure|agriculture|economic_indicator,3,,0.8333333333333334,True
5cb24a1b-d53d-4b15-b2d1-b87df36e5fa3,"Czechia - Economic, Social, Environmental, Health, Education, Development and Energy",World Bank Group,infrastructure|agriculture|economic_indicator,3,,0.8333333333333334,True
5e39a0b4-703e-4548-83d6-a414d1b463d3,"Angola - Economic, Social, Environmental, Health, Education, Development and Energy",World Bank Group,infrastructure|agriculture|economic_indicator,3,,0.8333333333333334,True
5f9576f9-d00b-4ff8-9be9-c9aec23afe96,"Colombia - Economic, Social, Environmental, Health, Education, Development and Energy",World Bank Group,infrastructure|agriculture|economic_indicator,3,,0.8333333333333334,True
5ff73bdc-09cf-450a-9efd-ea81258f9006,AI building footprint in southern Guatemala,Netherlands Red Cross - 510,buildings|infrastructure,2,,0.8,True
60155d38-53ac-47a5-b808-2fcbf42d9b3f,"Korea, Rep. - Economic, Social, Environmental, Health, Education, Development and Energy",World Bank Group,infrastructure|agriculture|economic_indicator,3,,0.8333333333333334,True
6332f172-4260-4f7c-b0fc-29826b79f3bb,"Greece - Economic, Social, Environmental, Health, Education, Development and Energy",World Bank Group,infrastructure|agriculture|economic_indicator,3,,0.8333333333333334,True
6398d660-d404-411a-8c27-af98aba2d59c,"Slovenia - Economic, Social, Environmental, Health, Education, Development and Energy",World Bank Group,infrastructure|agriculture|economic_indicator,3,,0.8333333333333334,True
6461e696-333f-401c-97c8-b4af7bb39574,Mozambique  Classified Road Network,OCHA Mozambique,infrastructure,1,,0.8500000000000001,True
65e69677-3af2-4f7b-9689-548542dd1ad4,"Azerbaijan - Economic, Social, Environmental, Health, Education, Development and Energy",World Bank Group,infrastructure|agriculture|economic_indicator,3,,0.8333333333333334,True
66a1d4ec-3555-4243-a8cb-77e978a68143,"Nicaragua - Economic, Social, Environmental, Health, Education, Development and Energy",World Bank Group,infrastructure|agriculture|economic_indicator,3,,0.8333333333333334,True
675d4343-b21a-4033-89b1-9ba386429c03,Nepal road network,OCHA Regional Office for Asia and the Pacific (ROAP),infrastructure,1,,0.875,True
68643f20-605d-429d-be22-da0895c688a8,"Myanmar - Economic, Social, Environmental, Health, Education, Development and Energy",World Bank Group,infrastructure|agriculture|economic_indicator,3,,0.8333333333333334,True
69dafb42-93f5-4178-b455-d94e270b6ed4,"Mauritius - Economic, Social, Environmental, Health, Education, Development and Energy",World Bank Group,infrastructure|agriculture|economic_indicator,3,,0.8333333333333334,True
6b62b840-81e0-4ecd-a22c-bba2d5de4a3f,"Korea, Dem. People’s Rep. - Economic, Social, Environmental, Health, Education, Development and Energy",World Bank Group,infrastructure|population|agriculture|economic_indicator,4,,0.8062500000000001,True
6b7ef2ee-307d-4cef-8dab-546205a00c38,"Morocco - Economic, Social, Environmental, Health, Education, Development and Energy",World Bank Group,infrastructure|agriculture|economic_indicator,3,,0.8333333333333334,True
6bc3fff6-abd5-4b5f-adea-93858a682be6,"Ukraine - Economic, Social, Environmental, Health, Education, Development and Energy",World Bank Group,infrastructure|agriculture|economic_indicator,3,,0.8333333333333334,True
6cf59973-f2fa-496c-b275-b0eb6c1f1167,"Czech Republic - Economic, Social, Environmental, Health, Education, Development and Energy",World Bank Group,infrastructure|agriculture|economic_indicator,3,,0.8333333333333334,True
70c18357-d529-4144-9857-874c4fae0f8c,"Isle of Man - Economic, Social, Environmental, Health, Education, Development and Energy",World Bank Group,infrastructure|agriculture,2,,0.8125,True
71308e55-2ed6-4232-819a-6b0aa6c98d23,"Libya - Economic, Social, Environmental, Health, Education, Development and Energy",World Bank Group,infrastructure|agriculture|economic_indicator,3,,0.8333333333333334,True
71bf81bc-009a-4cb8-8180-12bf144abefd,"Lao PDR - Economic, Social, Environmental, Health, Education, Development and Energy",World Bank Group,infrastructure|agriculture|economic_indicator,3,,0.8333333333333334,True
72aac70e-0074-445f-97cd-c166837ffdaa,Chad Buildings Footprint,Google Research,buildings,1,,0.9,True
73077668-ced7-420e-ba69-67e923f1a6b8,"Haiti - Economic, Social, Environmental, Health, Education, Development and Energy",World Bank Group,infrastructure|agriculture|economic_indicator,3,,0.8333333333333334,True
74268c85-a733-46ef-8210-5f7c827aa77a,"Palau - Economic, Social, Environmental, Health, Education, Development and Energy",World Bank Group,infrastructure|agriculture|economic_indicator,3,,0.8333333333333334,True
759b0f39-98d1-4c11-bb1c-c7853257bebb,"Cote d'Ivoire - Economic, Social, Environmental, Health, Education, Development and Energy",World Bank Group,infrastructure|agriculture|economic_indicator,3,,0.8333333333333334,True
7615e1ee-ada8-4388-a617-eb9105f7453c,"Malaysia - Economic, Social, Environmental, Health, Education, Development and Energy",World Bank Group,infrastructure|agriculture|economic_indicator,3,,0.8333333333333334,True
766ee8c7-3bf4-4046-898f-78dfceb7d355,"Armenia - Economic, Social, Environmental, Health, Education, Development and Energy",World Bank Group,infrastructure|agriculture|economic_indicator,3,,0.8333333333333334,True
76a48831-002d-49b0-8810-6c2d6286e910,"Maldives - Economic, Social, Environmental, Health, Education, Development and Energy",World Bank Group,infrastructure|agriculture|economic_indicator,3,,0.8333333333333334,True
79757b0c-9017-4993-a2b2-99e75bf95de2,"Germany - Economic, Social, Environmental, Health, Education, Development and Energy",World Bank Group,infrastructure|agriculture|economic_indicator,3,,0.8333333333333334,True
7d58e7c4-244c-4943-ac2a-f152b52cb07f,"Cayman Islands - Economic, Social, Environmental, Health, Education, Development and Energy",World Bank Group,infrastructure|agriculture|economic_indicator,3,,0.8333333333333334,True
7d7ec9eb-6440-4c0a-bc67-80be2d7720bc,"St. Lucia - Economic, Social, Environmental, Health, Education, Development and Energy",World Bank Group,infrastructure|agriculture|economic_indicator,3,,0.8333333333333334,True
7d892587-1818-43b8-bc08-9e91796f8cd1,"Austria - Economic, Social, Environmental, Health, Education, Development and Energy",World Bank Group,infrastructure|agriculture|economic_indicator,3,,0.8333333333333334,True
7dc42abd-3d78-440f-b6bc-c9d1f797463a,"Mali - Economic, Social, Environmental, Health, Education, Development and Energy",World Bank Group,infrastructure|agriculture|economic_indicator,3,,0.8333333333333334,True
7e01d24e-ce6f-4839-a5f2-68175eaa8723,"Sudan - Economic, Social, Environmental, Health, Education, Development and Energy",World Bank Group,infrastructure|agriculture|economic_indicator,3,,0.8333333333333334,True
7e0b7dcf-9abb-4333-93ba-4e199691d0fb,"Viet Nam - Economic, Social, Environmental, Health, Education, Development and Energy",World Bank Group,infrastructure|agriculture|economic_indicator,3,,0.8333333333333334,True
7e13f39f-0fab-4a14-9620-dd036500d7e6,"Gambia, The - Economic, Social, Environmental, Health, Education, Development and Energy",World Bank Group,infrastructure|agriculture|economic_indicator,3,,0.8333333333333334,True
7ed83bad-3341-499f-bd15-ea7a072a7636,"Denmark - Economic, Social, Environmental, Health, Education, Development and Energy",World Bank Group,infrastructure|agriculture|economic_indicator,3,,0.8333333333333334,True
7f7a94eb-3658-4204-8b3f-0973ee8bbc0e,Kenya - Volume and Price Indices of Recorded Agricultural Production Sales 2013 - 2017,Kenya National Bureau of Statistics (inactive),agriculture,1,,0.875,True
7f96eb0c-7615-4921-86ee-0211ac1ff80b,"Central African Republic - Economic, Social, Environmental, Health, Education, Development and Energy",World Bank Group,infrastructure|agriculture|economic_indicator,3,,0.8333333333333334,True
80bed191-e9c9-4274-8378-2ad927ec08ac,Myanmar Railway Network,Myanmar Information Management Unit (MIMU),infrastructure,1,,0.9,True
80efe90f-75b9-4918-980f-06f4649f6fc1,"Cuba - Economic, Social, Environmental, Health, Education, Development and Energy",World Bank Group,infrastructure|agriculture|economic_indicator,3,,0.8333333333333334,True
8139ccc1-68b3-4ee4-b3d6-bd1a46e68be8,"Suriname - Economic, Social, Environmental, Health, Education, Development and Energy",World Bank Group,infrastructure|agriculture|economic_indicator,3,,0.8333333333333334,True
821e7f10-3aa2-402b-8205-3403082a1fad,"Peru - Economic, Social, Environmental, Health, Education, Development and Energy",World Bank Group,infrastructure|agriculture|economic_indicator,3,,0.8333333333333334,True
83e38a3a-8658-4840-b6e3-a843e4c9d70a,"Andorra - Economic, Social, Environmental, Health, Education, Development and Energy",World Bank Group,infrastructure|agriculture|economic_indicator,3,,0.8333333333333334,True
88d3edfd-8216-4b27-b043-31e587229e7f,"Indonesia - Economic, Social, Environmental, Health, Education, Development and Energy",World Bank Group,infrastructure|agriculture|economic_indicator,3,,0.8333333333333334,True
88d4af5c-5357-4d61-9da3-e907de110948,"Lithuania - Economic, Social, Environmental, Health, Education, Development and Energy",World Bank Group,infrastructure|agriculture|economic_indicator,3,,0.8333333333333334,True
8b0c481e-61f8-4a69-8415-32dc07782635,"Vietnam - Economic, Social, Environmental, Health, Education, Development and Energy",World Bank Group,infrastructure|agriculture|economic_indicator,3,,0.8333333333333334,True
8c56c25e-edf6-41e4-9404-789e1c2d33f6,"Kazakhstan - Economic, Social, Environmental, Health, Education, Development and Energy",World Bank Group,infrastructure|agriculture|economic_indicator,3,,0.8333333333333334,True
8cf7fd00-f02b-4215-b176-9b919478fa17,"Monaco - Economic, Social, Environmental, Health, Education, Development and Energy",World Bank Group,infrastructure|agriculture|economic_indicator,3,,0.8333333333333334,True
8f63a55b-5567-4a25-adaa-5f458e688241,"Yemen, Rep. - Economic, Social, Environmental, Health, Education, Development and Energy",World Bank Group,infrastructure|agriculture|economic_indicator,3,,0.8333333333333334,True
8fc95636-2ff4-4c49-a1e2-89853f7d7f81,"Macao SAR, China - Economic, Social, Environmental, Health, Education, Development and Energy",World Bank Group,infrastructure|agriculture|economic_indicator,3,,0.8333333333333334,True
9024f22e-e560-4db8-9b75-48a3d1d64c57,"Nepal - Total Strategic Road Network (SRN) Length,Influenced Population of District in Nepal, 2011",OpenNepal (inactive),infrastructure|population,2,,0.8125,True
908e9adb-5e15-4d55-ab65-a03d38a3f7b2,"Greenland - Economic, Social, Environmental, Health, Education, Development and Energy",World Bank Group,infrastructure|agriculture|economic_indicator,3,,0.8333333333333334,True
91b9d589-f3d8-4b70-bb4a-5a5b4c41d513,"Curacao - Economic, Social, Environmental, Health, Education, Development and Energy",World Bank Group,infrastructure|agriculture|economic_indicator,3,,0.8333333333333334,True
91f0c12b-c8a3-403d-b64f-34b66cb4fcc8,"Uganda - Economic, Social, Environmental, Health, Education, Development and Energy",World Bank Group,infrastructure|agriculture|economic_indicator,3,,0.8333333333333334,True
91f30e8c-1e93-4b1d-9479-a8d4faadabd8,"British Virgin Islands - Economic, Social, Environmental, Health, Education, Development and Energy",World Bank Group,infrastructure|agriculture|economic_indicator,3,,0.8333333333333334,True
95fdfafd-af95-4bd7-8b5c-36f0801ea4aa,"South Sudan - Economic, Social, Environmental, Health, Education, Development and Energy",World Bank Group,infrastructure|agriculture|economic_indicator,3,,0.8333333333333334,True
980598a8-3c1b-422a-a4a9-254752cdf5bd,"Eswatini - Economic, Social, Environmental, Health, Education, Development and Energy",World Bank Group,infrastructure|agriculture|economic_indicator,3,,0.8333333333333334,True
9dbbf9fd-e138-441a-9108-8019c0c37b9f,"Bosnia and Herzegovina - Economic, Social, Environmental, Health, Education, Development and Energy",World Bank Group,infrastructure|agriculture|economic_indicator,3,,0.8333333333333334,True
a15a576c-19f5-414a-8db0-7e5f53f61958,"Turkiye - Economic, Social, Environmental, Health, Education, Development and Energy",World Bank Group,infrastructure|agriculture|economic_indicator,3,,0.8333333333333334,True
a3bcfc11-f023-49b2-96b8-ca4efcbb05b9,"Sierra Leone - Economic, Social, Environmental, Health, Education, Development and Energy",World Bank Group,infrastructure|agriculture|economic_indicator,3,,0.8333333333333334,True
a41a3f53-3149-463a-8220-dc1096912fbc,"Honduras - Economic, Social, Environmental, Health, Education, Development and Energy",World Bank Group,infrastructure|agriculture|economic_indicator,3,,0.8333333333333334,True
a4acfd75-82f4-4bf4-9184-cea7c6803a0e,"Jamaica - Economic, Social, Environmental, Health, Education, Development and Energy",World Bank Group,infrastructure|agriculture|economic_indicator,3,,0.8333333333333334,True
a57d45bd-6926-4217-ba0b-277c19d67867,"Hungary - Economic, Social, Environmental, Health, Education, Development and Energy",World Bank Group,infrastructure|agriculture|economic_indicator,3,,0.8333333333333334,True
a5caf03e-55cf-4c0d-87a2-f3866861a43b,"Sri Lanka - Economic, Social, Environmental, Health, Education, Development and Energy",World Bank Group,infrastructure|agriculture|economic_indicator,3,,0.8333333333333334,True
a81170e2-03ac-42ee-8f33-5d690662086c,"Bahamas, The - Economic, Social, Environmental, Health, Education, Development and Energy",World Bank Group,infrastructure|agriculture|economic_indicator,3,,0.8333333333333334,True
a89f2d2e-46b3-4085-8855-915226feaf8f,"Dominica - Economic, Social, Environmental, Health, Education, Development and Energy",World Bank Group,infrastructure|agriculture|economic_indicator,3,,0.8333333333333334,True
a8f96977-6758-430d-a876-53b61f43d7c7,Mali Road Network,OCHA Mali,infrastructure,1,,0.875,True
ab2539df-4ade-4ede-8997-bbdec0d55ab0,"Japan - Economic, Social, Environmental, Health, Education, Development and Energy",World Bank Group,infrastructure|agriculture|economic_indicator,3,,0.8333333333333334,True
ac477ac9-1a70-4136-85ba-59bc6cce3e9f,"Hong Kong SAR, China - Economic, Social, Environmental, Health, Education, Development and Energy",World Bank Group,infrastructure|agriculture|economic_indicator,3,,0.8333333333333334,True
ac73ac77-2555-41ce-8ec9-a8d1085dab72,"Oman - Economic, Social, Environmental, Health, Education, Development and Energy",World Bank Group,infrastructure|agriculture|economic_indicator,3,,0.8333333333333334,True
ac846b9d-feba-4b59-aef9-66096f72fd3c,"Georgia - Economic, Social, Environmental, Health, Education, Development and Energy",World Bank Group,infrastructure|agriculture|economic_indicator,3,,0.8333333333333334,True
acb3bf3e-ebed-4b9f-869d-6f0a0dfea410,"Mongolia - Economic, Social, Environmental, Health, Education, Development and Energy",World Bank Group,infrastructure|agriculture|economic_indicator,3,,0.8333333333333334,True
aea0be7b-1a26-4553-8d10-e1f7b7044a24,"Burkina Faso - Economic, Social, Environmental, Health, Education, Development and Energy",World Bank Group,infrastructure|agriculture|economic_indicator,3,,0.8333333333333334,True
aeae1889-f275-43a9-99ca-36c9e96f1015,"Liberia - Economic, Social, Environmental, Health, Education, Development and Energy",World Bank Group,infrastructure|agriculture|economic_indicator,3,,0.8333333333333334,True
aeb3cd81-07ed-41a8-b6f7-1b1429c25c75,"Gibraltar - Economic, Social, Environmental, Health, Education, Development and Energy",World Bank Group,infrastructure|agriculture|economic_indicator,3,,0.8333333333333334,True
b18eab24-6b22-43ec-930a-772037695afe,"Bahrain - Economic, Social, Environmental, Health, Education, Development and Energy",World Bank Group,infrastructure|agriculture|economic_indicator,3,,0.8333333333333334,True
b2fabd55-947b-416d-87d5-8178d96d72c8,South Sudan: Road Network,OCHA South Sudan,infrastructure,1,,0.8500000000000001,True
b306a96a-2042-4ffb-8a70-71a69dd3e0be,"North Macedonia - Economic, Social, Environmental, Health, Education, Development and Energy",World Bank Group,infrastructure|agriculture|economic_indicator,3,,0.8333333333333334,True
b6656951-f517-4d8e-97aa-db538bedde70,"Hurricane Matthew gust footprint - Tropical Storm Risk, University College London",British Red Cross Maps Team,buildings,1,,0.9,True
b6e07872-5272-48b1-ac05-9c2f544bc739,"Rwanda - Economic, Social, Environmental, Health, Education, Development and Energy",World Bank Group,infrastructure|agriculture|economic_indicator,3,,0.8333333333333334,True
b72a10d8-8b64-49d5-b95f-983fa33b812f,"India - Economic, Social, Environmental, Health, Education, Development and Energy",World Bank Group,infrastructure|agriculture|economic_indicator,3,,0.8333333333333334,True
b8edc72b-3309-4eba-8418-55e7adaf4167,"Qatar - Economic, Social, Environmental, Health, Education, Development and Energy",World Bank Group,infrastructure|agriculture|economic_indicator,3,,0.8333333333333334,True
b9cc2d0d-3885-4eef-b6fd-df77a994353e,"Chile - Economic, Social, Environmental, Health, Education, Development and Energy",World Bank Group,infrastructure|agriculture|economic_indicator,3,,0.8333333333333334,True
b9eef6c8-beee-44d6-8fc8-366ea00d841f,"Albania - Economic, Social, Environmental, Health, Education, Development and Energy",World Bank Group,infrastructure|agriculture|economic_indicator,3,,0.8333333333333334,True
bca4e35b-ac20-4d64-b6f7-34a63257ae8a,"Philippines - Economic, Social, Environmental, Health, Education, Development and Energy",World Bank Group,infrastructure|agriculture|economic_indicator,3,,0.8333333333333334,True
bd2bd113-fa13-4ba8-8463-648e86f36c50,"Liechtenstein - Economic, Social, Environmental, Health, Education, Development and Energy",World Bank Group,infrastructure|agriculture|economic_indicator,3,,0.8333333333333334,True
c05735e7-a799-400f-9608-d2575667d09f,"Afghanistan - Economic, Social, Environmental, Health, Education, Development and Energy",World Bank Group,infrastructure|agriculture|economic_indicator,3,,0.8333333333333334,True
c0b82a39-0529-4ca8-8b60-1f2dab1e00f8,"Mozambique - Economic, Social, Environmental, Health, Education, Development and Energy",World Bank Group,infrastructure|agriculture|economic_indicator,3,,0.8333333333333334,True
c22c2612-3eb4-4f59-bb04-e46571a2bc78,Central America - Basic Food Prices in USD,Acción contra el hambre - GIS4tech,agriculture,1,,0.875,True
c23fadc1-4a80-4ce9-80e4-c7fb05889bed,"Iceland - Economic, Social, Environmental, Health, Education, Development and Energy",World Bank Group,infrastructure|agriculture|economic_indicator,3,,0.8333333333333334,True
c35581c4-fc3c-4c2d-8e64-c8040a47beaf,"Netherlands - Economic, Social, Environmental, Health, Education, Development and Energy",World Bank Group,infrastructure|agriculture|economic_indicator,3,,0.8333333333333334,True
c479e754-3b38-4d8b-a6f8-e6562cdc90e9,"South Africa - Economic, Social, Environmental, Health, Education, Development and Energy",World Bank Group,infrastructure|agriculture|economic_indicator,3,,0.8333333333333334,True
c4e0600f-39f2-4ed1-9eef-ebf703dd0d4c,"Niger - Economic, Social, Environmental, Health, Education, Development and Energy",World Bank Group,infrastructure|agriculture|economic_indicator,3,,0.8333333333333334,True
c6059279-4521-4b39-8b18-d43aedc012c3,Morocco: Buildings Footprint,Google Research,buildings,1,,0.9,True
c718e6ba-1105-4c07-8f57-d194b7bff37c,"Bermuda - Economic, Social, Environmental, Health, Education, Development and Energy",World Bank Group,infrastructure|agriculture|economic_indicator,3,,0.8333333333333334,True
c809d1d4-974d-4bb5-b714-23e2bde97bb8,"France - Economic, Social, Environmental, Health, Education, Development and Energy",World Bank Group,infrastructure|agriculture|economic_indicator,3,,0.8333333333333334,True
c82f4f1d-d064-4e88-9d63-4ee6d27c154e,"Aruba - Economic, Social, Environmental, Health, Education, Development and Energy",World Bank Group,infrastructure|agriculture|economic_indicator,3,,0.8333333333333334,True
ca82caf1-4855-4b02-ae5f-35925b39a134,"Bhutan - Economic, Social, Environmental, Health, Education, Development and Energy",World Bank Group,infrastructure|agriculture|economic_indicator,3,,0.8333333333333334,True
cae782fa-b40c-44d6-90d6-d61b5a1f70e0,Somalia -  road network and access constraints,WFP - World Food Programme,infrastructure,1,,0.875,True
cd064b56-26a2-4626-8578-d9a43817b63b,"Kenya - Value of Purchased Agricultural Inputs, 2013-2017",Kenya National Bureau of Statistics (inactive),agriculture,1,,0.9,True
cd554798-48c1-4dcb-8a00-fe3b650a0fd3,"Nepal - Economic, Social, Environmental, Health, Education, Development and Energy",World Bank Group,infrastructure|agriculture|economic_indicator,3,,0.8333333333333334,True
cdb01204-9d23-4b1b-8cde-c9b144d8203b,"Panama - Economic, Social, Environmental, Health, Education, Development and Energy",World Bank Group,infrastructure|agriculture|economic_indicator,3,,0.8333333333333334,True
cdf5de0e-7047-4e5b-a14e-53d3e52c6e40,"St. Kitts and Nevis - Economic, Social, Environmental, Health, Education, Development and Energy",World Bank Group,infrastructure|agriculture|economic_indicator,3,,0.8333333333333334,True
ce7a8bb8-7dfd-4cfe-b60f-96ad878ee781,"Kyrgyz Republic - Economic, Social, Environmental, Health, Education, Development and Energy",World Bank Group,infrastructure|agriculture|economic_indicator,3,,0.8333333333333334,True
cf84d369-eaba-410e-8e38-778eeb238f71,Libya: Building Footprints in Derna Flood Area,Google Research,buildings,1,,0.9,True
d1384368-6095-4c7d-bf88-cee1a2ddd55b,"Comoros - Economic, Social, Environmental, Health, Education, Development and Energy",World Bank Group,infrastructure|agriculture|economic_indicator,3,,0.8333333333333334,True
d2ea66c7-5b22-4e34-8dce-0985483a3660,"Ghana - Economic, Social, Environmental, Health, Education, Development and Energy",World Bank Group,infrastructure|agriculture|economic_indicator,3,,0.8333333333333334,True
d3c4bce2-9130-40ed-baad-5e6152886c02,"Ethiopia - Economic, Social, Environmental, Health, Education, Development and Energy",World Bank Group,infrastructure|agriculture|economic_indicator,3,,0.8333333333333334,True
d5b58329-4da2-4838-8e6e-dfaeb5360c41,"Kiribati - Economic, Social, Environmental, Health, Education, Development and Energy",World Bank Group,infrastructure|agriculture|economic_indicator,3,,0.8333333333333334,True
d690d25b-399e-40b6-8283-7db002a3c08c,"Brunei Darussalam - Economic, Social, Environmental, Health, Education, Development and Energy",World Bank Group,infrastructure|agriculture|economic_indicator,3,,0.8333333333333334,True
d6a6a2bd-d79f-4ddc-b6ec-b5e48bd528a2,"Papua New Guinea - Economic, Social, Environmental, Health, Education, Development and Energy",World Bank Group,infrastructure|agriculture|economic_indicator,3,,0.8333333333333334,True
d788b953-4c7c-4e25-a499-05d2ebe05ccc,"Congo, Dem. Rep. - Economic, Social, Environmental, Health, Education, Development and Energy",World Bank Group,infrastructure|agriculture|economic_indicator,3,,0.8333333333333334,True
d9017faf-3748-4c8b-8be5-660c782e3ed3,"Norway - Economic, Social, Environmental, Health, Education, Development and Energy",World Bank Group,infrastructure|agriculture|economic_indicator,3,,0.8333333333333334,True
d9effb72-9a47-4d6f-9065-079ee8f1ba90,"Bulgaria - Economic, Social, Environmental, Health, Education, Development and Energy",World Bank Group,infrastructure|agriculture|economic_indicator,3,,0.8333333333333334,True
db5e9166-e235-459c-8d76-a8a0bd3920a2,"St. Martin (French part) - Economic, Social, Environmental, Health, Education, Development and Energy",World Bank Group,infrastructure|agriculture|economic_indicator,3,,0.8333333333333334,True
dbf9914a-0cf7-47b4-a386-c89d55d5c410,"Poland - Economic, Social, Environmental, Health, Education, Development and Energy",World Bank Group,infrastructure|agriculture|economic_indicator,3,,0.8333333333333334,True
df1731fd-979e-421e-97ad-508c9b5e2a73,"Switzerland - Economic, Social, Environmental, Health, Education, Development and Energy",World Bank Group,infrastructure|agriculture|economic_indicator,3,,0.8333333333333334,True
e1e38953-3730-4b7f-b745-3747a4a66574,"China - Economic, Social, Environmental, Health, Education, Development and Energy",World Bank Group,infrastructure|agriculture|economic_indicator,3,,0.8333333333333334,True
e2596787-a8e5-4b29-8527-57e77817c4ce,"Iran, Islamic Rep. - Economic, Social, Environmental, Health, Education, Development and Energy",World Bank Group,infrastructure|agriculture|economic_indicator,3,,0.8333333333333334,True
e33cd571-6dfa-48b8-a6c6-2fc923d35343,"Namibia - Economic, Social, Environmental, Health, Education, Development and Energy",World Bank Group,infrastructure|agriculture|economic_indicator,3,,0.8333333333333334,True
e41a69df-1464-45df-bb7f-5e629c738b39,"Kuwait - Economic, Social, Environmental, Health, Education, Development and Energy",World Bank Group,infrastructure|agriculture|economic_indicator,3,,0.8333333333333334,True
e450c20b-7429-45a1-90f3-38b85e626b19,"Zimbabwe - Economic, Social, Environmental, Health, Education, Development and Energy",World Bank Group,infrastructure|agriculture|economic_indicator,3,,0.8333333333333334,True
e67c9a87-e80a-4f70-b1cf-bb02a7007091,Sudan - Roads,OCHA Sudan,infrastructure,1,,0.875,True
e735eb49-902b-4f8f-9077-510e30752068,"French Polynesia - Economic, Social, Environmental, Health, Education, Development and Energy",World Bank Group,infrastructure|agriculture|economic_indicator,3,,0.8333333333333334,True
e95c47b8-e190-4f62-9b1a-aa61e539ce26,"Korea, Dem. People's Rep. - Economic, Social, Environmental, Health, Education, Development and Energy",World Bank Group,infrastructure|population|agriculture|economic_indicator,4,,0.8125,True
e98954d7-177d-4f24-891a-1fbebf57d584,"Federal Republic of Somalia - Economic, Social, Environmental, Health, Education, Development and Energy",World Bank Group,infrastructure|agriculture|economic_indicator,3,,0.8333333333333334,True
ed6a5995-d2e1-4057-833d-63563b1a7df0,"Guyana - Economic, Social, Environmental, Health, Education, Development and Energy",World Bank Group,infrastructure|agriculture|economic_indicator,3,,0.8333333333333334,True
f05ec5eb-fcac-4742-8e6d-7b87c225ef57,"Portugal - Economic, Social, Environmental, Health, Education, Development and Energy",World Bank Group,infrastructure|agriculture|economic_indicator,3,,0.8333333333333334,True
f26343c6-1122-4e38-bd15-c783744707a1,Uganda Red Cross Society Projects Footprint,Uganda Red Cross Society (inactive),buildings,1,,0.875,True
f3084270-85ca-483d-87f6-01ad3d5c56a8,Nigeria: Road Network,OCHA Nigeria,infrastructure,1,,0.8500000000000001,True
f46a456f-2e40-4a57-b5a3-89a853796665,"Tanzania - Economic, Social, Environmental, Health, Education, Development and Energy",World Bank Group,infrastructure|agriculture|economic_indicator,3,,0.8333333333333334,True
f530c403-2c6a-42cf-97cd-91147de56eb3,"Croatia - Economic, Social, Environmental, Health, Education, Development and Energy",World Bank Group,infrastructure|agriculture|economic_indicator,3,,0.8333333333333334,True
f64e0d06-cb1d-4821-a795-a7850c0ef42b,"Fiji - Economic, Social, Environmental, Health, Education, Development and Energy",World Bank Group,infrastructure|agriculture|economic_indicator,3,,0.8333333333333334,True
f6bd3643-3989-41d4-8c29-92a6d730bf2b,"Singapore - Economic, Social, Environmental, Health, Education, Development and Energy",World Bank Group,infrastructure|agriculture|economic_indicator,3,,0.8333333333333334,True
f72b273c-ddd7-46ad-8101-194aa43f367c,"Guinea - Economic, Social, Environmental, Health, Education, Development and Energy",World Bank Group,infrastructure|agriculture|economic_indicator,3,,0.8333333333333334,True
f7a2fabe-da90-4220-85f2-f3dabf859427,"Sao Tome and Principe - Economic, Social, Environmental, Health, Education, Development and Energy",World Bank Group,infrastructure|agriculture|economic_indicator,3,,0.8333333333333334,True
f7ec4f9d-98ce-480c-89f9-181c315711f5,TSR Gust Footprint for Cyclonic Storm FANI - May 3 2019,British Red Cross Maps Team,buildings,1,,0.9,True
f8d071f4-eb1c-43f2-8be0-f60efc66bfda,"United Arab Emirates - Economic, Social, Environmental, Health, Education, Development and Energy",World Bank Group,infrastructure|agriculture|economic_indicator,3,,0.8333333333333334,True
f8f510e5-936a-41d3-a640-1f4b52b47894,"Spain - Economic, Social, Environmental, Health, Education, Development and Energy",World Bank Group,infrastructure|agriculture|economic_indicator,3,,0.8333333333333334,True
f8fdd158-3d12-4492-8d17-6c1010cacc6a,"Congo, Rep. - Economic, Social, Environmental, Health, Education, Development and Energy",World Bank Group,infrastructure|agriculture|economic_indicator,3,,0.8333333333333334,True
f9f51fde-c860-4cc7-83f9-ea495292ea43,"Nigeria - Economic, Social, Environmental, Health, Education, Development and Energy",World Bank Group,infrastructure|agriculture|economic_indicator,3,,0.8333333333333334,True
fa73ec93-16cc-49d5-82e7-dcc320f08641,"Somalia, Fed. Rep. - Economic, Social, Environmental, Health, Education, Development and Energy",World Bank Group,infrastructure|agriculture|economic_indicator,3,,0.8333333333333334,True
fa86f8fa-5a49-45c9-85fb-7e0e318a4e81,"Ireland - Economic, Social, Environmental, Health, Education, Development and Energy",World Bank Group,infrastructure|agriculture|economic_indicator,3,,0.8333333333333334,True
fadee1ca-46e3-4282-9ef7-fb8ee8018dd6,"Puerto Rico (US) - Economic, Social, Environmental, Health, Education, Development and Energy",World Bank Group,infrastructure|agriculture|economic_indicator,3,,0.8333333333333334,True
fb080827-2ae1-4a5a-a7f3-cb354c2ccca1,"Cambodia - Economic, Social, Environmental, Health, Education, Development and Energy",World Bank Group,infrastructure|agriculture|economic_indicator,3,,0.8333333333333334,True
fbd6c3ff-ec46-44a9-bf1a-a9b995de0cb6,"Benin - Economic, Social, Environmental, Health, Education, Development and Energy",World Bank Group,infrastructure|agriculture|economic_indicator,3,,0.8333333333333334,True
fce83457-bfe0-4607-95cf-e408eddc039f,"Belarus - Economic, Social, Environmental, Health, Education, Development and Energy",World Bank Group,infrastructure|agriculture|economic_indicator,3,,0.8333333333333334,True
fda21d86-fa17-4f7c-97f7-a68ec619daaf,"Turkmenistan - Economic, Social, Environmental, Health, Education, Development and Energy",World Bank Group,infrastructure|agriculture|economic_indicator,3,,0.8333333333333334,True
fdc63102-2cc0-43d3-9207-697bd7c84bd7,"Faroe Islands - Economic, Social, Environmental, Health, Education, Development and Energy",World Bank Group,infrastructure|agriculture|economic_indicator,3,,0.8333333333333334,True
fdefb359-d3d6-48d3-ae01-60b4c2e1ad8f,"Botswana - Economic, Social, Environmental, Health, Education, Development and Energy",World Bank Group,infrastructure|agriculture|economic_indicator,3,,0.8333333333333334,True
fe77a4ab-e610-4eb7-b326-788b2ff99054,"Togo - Economic, Social, Environmental, Health, Education, Development and Energy",World Bank Group,infrastructure|agriculture|economic_indicator,3,,0.8333333333333334,True
